benchmark,duration_ns,jmx_timers_compilation_time_ms,jmx_timers_compilation_total_ms,uptime_ns,vm_start_unix_ms,vm_start_ns
disruptor-telemetry,3501889077,497,939,1094664330,1776631748713,26569372134
disruptor-telemetry,3086532412,122,1085,4744623881,1776631748713,26569372134
disruptor-telemetry,3084534675,18,1115,7987813917,1776631748713,26569372134
disruptor-telemetry,3130104138,10,1139,11216301603,1776631748713,26569372134
disruptor-telemetry,3101232676,1,1140,14501425478,1776631748713,26569372134
disruptor-telemetry,3024468837,15,1155,17753597918,1776631748713,26569372134
disruptor-telemetry,3152957344,20,1182,20923348110,1776631748713,26569372134
disruptor-telemetry,3038715642,0,1182,24226407995,1776631748713,26569372134
disruptor-telemetry,3055210633,1,1184,27423228680,1776631748713,26569372134
disruptor-telemetry,3013024194,14,1198,30647154732,1776631748713,26569372134
