benchmark,duration_ns,jmx_timers_compilation_time_ms,jmx_timers_compilation_total_ms,uptime_ns,vm_start_unix_ms,vm_start_ns
disruptor-telemetry,7434745947,1607,2056,536453237,1779209348624,2291015609686
disruptor-telemetry,6502147732,277,2490,8336315075,1779209348624,2291015609686
disruptor-telemetry,6853348415,90,2632,15239111961,1779209348624,2291015609686
disruptor-telemetry,6747344806,35,2749,22401402934,1779209348624,2291015609686
disruptor-telemetry,6812743619,5,2773,29410092467,1779209348624,2291015609686
disruptor-telemetry,6732747044,16,2803,36476158848,1779209348624,2291015609686
disruptor-telemetry,6934998346,4,2808,43507757519,1779209348624,2291015609686
disruptor-telemetry,6668597066,1,2809,50670424173,1779209348624,2291015609686
disruptor-telemetry,7299276799,0,2894,57698811076,1779209348624,2291015609686
disruptor-telemetry,7342763230,1,2896,65198859940,1779209348624,2291015609686
disruptor-telemetry,6811991045,3,2916,72787665194,1779209348624,2291015609686
disruptor-telemetry,6712077282,22,2938,79944673844,1779209348624,2291015609686
disruptor-telemetry,7722045620,14,2952,86919989904,1779209348624,2291015609686
disruptor-telemetry,7225208246,17,2969,94915656584,1779209348624,2291015609686
disruptor-telemetry,6839424602,2,2984,102354950676,1779209348624,2291015609686
disruptor-telemetry,6870795043,0,2997,109439006446,1779209348624,2291015609686
disruptor-telemetry,6535322568,2,2999,116538216762,1779209348624,2291015609686
disruptor-telemetry,6618959729,1,3000,123429222336,1779209348624,2291015609686
disruptor-telemetry,6737012494,16,3017,130407109447,1779209348624,2291015609686
disruptor-telemetry,6751107187,3,3020,137432526611,1779209348624,2291015609686
disruptor-telemetry,6660323231,9,3029,144452554813,1779209348624,2291015609686
disruptor-telemetry,6614017947,19,3049,151497651315,1779209348624,2291015609686
disruptor-telemetry,6999144498,49,3099,158484406357,1779209348624,2291015609686
disruptor-telemetry,7116363865,90,3189,165815121024,1779209348624,2291015609686
disruptor-telemetry,6826226032,1,3203,173270469510,1779209348624,2291015609686
disruptor-telemetry,6938567835,0,3203,180433063187,1779209348624,2291015609686
disruptor-telemetry,6981439284,0,3213,187627782384,1779209348624,2291015609686
disruptor-telemetry,7000846244,1,3274,194942353594,1779209348624,2291015609686
disruptor-telemetry,7098393113,3,3277,202334144630,1779209348624,2291015609686
disruptor-telemetry,7295606349,7,3285,209846580840,1779209348624,2291015609686
